Workbook

Sheet SE 
A1: ID | B1: Data da Venda | C1: Produto | D1: Preço | E1: Quantidade | F1: Forma de Pagamento | G1: Faturamento Total | H1: Categoria de Pagamento
A2: 1 | B2: 42980 | C2: Lancheira Básica | D2: 43.36 | E2: 7 | F2: Cartão de Crédito | G2: =PRODUCT(D2,E2) -> 303.52 | H2: =IF(F2 = "Cartão de Crédito", "Pagamento Digital", "Pagamento Tradicional") -> Pagamento Digital
A3: 2 | B3: 42535 | C3: Lancheira Premium Completa | D3: 45.36 | E3: 9 | F3: Transferência Bancária | G3: =PRODUCT(D3,E3) -> 408.24 | H3: =IF(F3 = "Cartão de Crédito", "Pagamento Digital", "Pagamento Tradicional") -> Pagamento Tradicional
A4: 3 | B4: 43946 | C4: Caderno Pautado 150 Fl Pq | D4: 12.52 | E4: 5 | F4: Cartão de Crédito | G4: =PRODUCT(D4,E4) -> 62.6 | H4: =IF(F4 = "Cartão de Crédito", "Pagamento Digital", "Pagamento Tradicional") -> Pagamento Digital
A5: 4 | B5: 42200 | C5: Mouse Básico | D5: 25.87 | E5: 7 | F5: Boleto | G5: =PRODUCT(D5,E5) -> 181.09 | H5: =IF(F5 = "Cartão de Crédito", "Pagamento Digital", "Pagamento Tradicional") -> Pagamento Tradicional
A6: 5 | B6: 43836 | C6: Camisa Branca P | D6: 18.56 | E6: 5 | F6: Boleto | G6: =PRODUCT(D6,E6) -> 92.8 | H6: =IF(F6 = "Cartão de Crédito", "Pagamento Digital", "Pagamento Tradicional") -> Pagamento Tradicional
A7: 6 | B7: 42081 | C7: Teclado Wireless | D7: 202.47 | E7: 7 | F7: Boleto | G7: =PRODUCT(D7,E7) -> 1417.29 | H7: =IF(F7 = "Cartão de Crédito", "Pagamento Digital", "Pagamento Tradicional") -> Pagamento Tradicional
A8: 7 | B8: 43896 | C8: Giz de cera Pequeno 12 Cores | D8: 13.25 | E8: 5 | F8: Transferência Bancária | G8: =PRODUCT(D8,E8) -> 66.25 | H8: =IF(F8 = "Cartão de Crédito", "Pagamento Digital", "Pagamento Tradicional") -> Pagamento Tradicional
A9: 8 | B9: 43141 | C9: Caneta 4 Cores P5 | D9: 18.96 | E9: 8 | F9: Boleto | G9: =PRODUCT(D9,E9) -> 151.68 | H9: =IF(F9 = "Cartão de Crédito", "Pagamento Digital", "Pagamento Tradicional") -> Pagamento Tradicional
A10: 9 | B10: 43441 | C10: Fichário | D10: 17.98 | E10: 14 | F10: Boleto | G10: =PRODUCT(D10,E10) -> 251.72 | H10: =IF(F10 = "Cartão de Crédito", "Pagamento Digital", "Pagamento Tradicional") -> Pagamento Tradicional
A11: 10 | B11: 43901 | C11: Pistola de cola quente | D11: 18.98 | E11: 5 | F11: Transferência Bancária | G11: =PRODUCT(D11,E11) -> 94.9 | H11: =IF(F11 = "Cartão de Crédito", "Pagamento Digital", "Pagamento Tradicional") -> Pagamento Tradicional
A12: 11 | B12: 43307 | C12: Esquadro Color | D12: 13.85 | E12: 14 | F12: Boleto | G12: =PRODUCT(D12,E12) -> 193.9 | H12: =IF(F12 = "Cartão de Crédito", "Pagamento Digital", "Pagamento Tradicional") -> Pagamento Tradicional
A13: 12 | B13: 43392 | C13: Estojo Modelo Pano | D13: 25.98 | E13: 11 | F13: Cartão de Crédito | G13: =PRODUCT(D13,E13) -> 285.78 | H13: =IF(F13 = "Cartão de Crédito", "Pagamento Digital", "Pagamento Tradicional") -> Pagamento Digital
... A35: 34 | B35: 43273 | C35: PenDrive 128 Gb | D35: 65 | E35: 15 | F35: Transferência Bancária | G35: =PRODUCT(D35,E35) -> 975 | H35: =IF(F35 = "Cartão de Crédito", "Pagamento Digital", "Pagamento Tradicional") -> Pagamento Tradicional

Sheet CONT.SE e CONT.SES
A1: ID | B1: Produto | C1: Preço | D1: Vendedor | E1: Sexo | F1: Quantidade | G1: Forma de Pagamento | H1: Loja
A2: 1 | B2: Lancheira Básica | C2: 43.36 | D2: Ana Beatriz Trindade | E2: Feminino | F2: 7 | G2: Cartão de Crédito | H2: Santa Catarina | K2: CONT.SE: Serve para contar a quantidade de incidências de determinado critério em uma coluna.
A3: 2 | B3: Lancheira Premium Completa | C3: 45.36 | D3: Israel Becker | E3: Masculino | F3: 9 | G3: Transferência Bancária | H3: São Paulo
A4: 3 | B4: Caderno Pautado 150 Fl Pq | C4: 12.52 | D4: Cecília Tavares | E4: Feminino | F4: 5 | G4: Cartão de Crédito | H4: São Paulo | O4: Incidência de Venda por Sexo
A5: 4 | B5: Mouse Básico | C5: 25.87 | D5: Yuri Xavier | E5: Masculino | F5: 7 | G5: Boleto | H5: Rio de Janeiro
A6: 5 | B6: Camisa Branca P | C6: 18.56 | D6: Pietra Lopes | E6: Feminino | F6: 5 | G6: Boleto | H6: Rio Grande do Sul | N6: Incidências = | O6: =COUNTIF(E:E, P6) -> 12 | P6: Feminino
A7: 6 | B7: Teclado Wireless | C7: 202.47 | D7: Fernanda Neves | E7: Feminino | F7: 7 | G7: Boleto | H7: Rio de Janeiro
A8: 7 | B8: Giz de cera Pequeno 12 Cores | C8: 13.25 | D8: André Lopes | E8: Masculino | F8: 5 | G8: Transferência Bancária | H8: Rio Grande do Sul
A9: 8 | B9: Caneta 4 Cores P5 | C9: 18.96 | D9: Vitória Siqueira | E9: Feminino | F9: 8 | G9: Boleto | H9: Rio Grande do Sul | K9: CONT.SES: Serve para contar a quantidade de incidências de determinado critério com base em várias colunas
A10: 9 | B10: Fichário | C10: 17.98 | D10: Daniel Nascimento | E10: Masculino | F10: 14 | G10: Boleto | H10: Rio Grande do Sul
A11: 10 | B11: Pistola de cola quente | C11: 18.98 | D11: Maria Fernanda Carvalho | E11: Feminino | F11: 5 | G11: Transferência Bancária | H11: São Paulo | N11: Incidência de Venda por Sexo em Determinado Estado
A12: 11 | B12: Esquadro Color | C12: 13.85 | D12: Pietro Nascimento | E12: Masculino | F12: 14 | G12: Boleto | H12: Rio de Janeiro
A13: 12 | B13: Estojo Modelo Pano | C13: 25.98 | D13: Ana Laura Noronha | E13: Feminino | F13: 11 | G13: Cartão de Crédito | H13: Santa Catarina | N13: Incidências = | O13: =COUNTIFS(E:E, P13, H:H, P14) -> 9 | P13: Masculino
A14: 13 | B14: Short Preto G | C14: 18.98 | D14: Vitória Siqueira | E14: Feminino | F14: 9 | G14: Boleto | H14: Rio Grande do Sul | P14: Rio de Janeiro
A15: 14 | B15: Camisa Branca M | C15: 18.56 | D15: Luna Nascimento Sampaio | E15: Feminino | F15: 15 | G15: Boleto | H15: Rio de Janeiro
A16: 15 | B16: Avental | C16: 13.36 | D16: Pedro Lucas Frota | E16: Masculino | F16: 5 | G16: Cartão de Crédito | H16: Santa Catarina
A17: 16 | B17: Giz de cera Grande 24 Cores | C17: 29.98 | D17: Pedro Lucas Frota | E17: Masculino | F17: 5 | G17: Cartão de Crédito | H17: Santa Catarina
A18: 17 | B18: Teclado Wireless | C18: 202.47 | D18: Davi Uchoa | E18: Masculino | F18: 11 | G18: Boleto | H18: Rio de Janeiro
A19: 18 | B19: Resma Papel A4 | C19: 35.62 | D19: Davi Miguel Neves | E19: Masculino | F19: 10 | G19: Transferência Bancária | H19: Rio Grande do Sul
A20: 19 | B20: Borracha Branca Protector P20 | C20: 33.99 | D20: Thomas Junqueira | E20: Masculino | F20: 9 | G20: Boleto | H20: Rio de Janeiro
A21: 20 | B21: Caneta Azul P10 | C21: 17.2 | D21: Maria Isis Trindade | E21: Masculino | F21: 15 | G21: Boleto | H21: Rio de Janeiro
A22: 21 | B22: Caderno Pautado 300 Fl | C22: 28.9 | D22: Yago Frota | E22: Masculino | F22: 14 | G22: Boleto | H22: Rio Grande do Sul
A23: 22 | B23: Lancheira Básica | C23: 43.36 | D23: Gael Xavier | E23: Masculino | F23: 8 | G23: Boleto | H23: Rio de Janeiro
A24: 23 | B24: Teclado Wireless | C24: 202.47 | D24: Carlos Eduardo | E24: Masculino | F24: 11 | G24: Transferência Bancária | H24: São Paulo
A25: 24 | B25: Fichário | C25: 17.98 | D25: Arthur Henrique Pires | E25: Masculino | F25: 11 | G25: Cartão de Crédito | H25: Santa Catarina
A26: 25 | B26: Esquadro Transparente | C26: 13.65 | D26: Lorenzo Rangel | E26: Masculino | F26: 11 | G26: Boleto | H26: Rio de Janeiro
... A35: 34 | B35: PenDrive 128 Gb | C35: 65 | D35: Emilly Pimenta | E35: Feminino | F35: 15 | G35: Transferência Bancária | H35: São Paulo

Sheet SOMASE e SOMASES
A1: ID | B1: Produto | C1: Preço | D1: Vendedor | E1: Sexo | F1: Quantidade | G1: Forma de Pagamento | H1: Loja | I1: Faturamento Total
A2: 1 | B2: Lancheira Básica | C2: 43.36 | D2: Ana Beatriz Trindade | E2: Feminino | F2: 7 | G2: Cartão de Crédito | H2: Santa Catarina | I2: 303.52
A3: 2 | B3: Lancheira Premium Completa | C3: 45.36 | D3: Israel Becker | E3: Masculino | F3: 9 | G3: Transferência Bancária | H3: São Paulo | I3: 408.24
A4: 3 | B4: Caderno Pautado 150 Fl Pq | C4: 12.52 | D4: Cecília Tavares | E4: Feminino | F4: 5 | G4: Cartão de Crédito | H4: São Paulo | I4: 62.6
A5: 4 | B5: Mouse Básico | C5: 25.87 | D5: Yuri Xavier | E5: Masculino | F5: 7 | G5: Boleto | H5: Rio de Janeiro | I5: 181.09
A6: 5 | B6: Camisa Branca P | C6: 18.56 | D6: Pietra Lopes | E6: Feminino | F6: 5 | G6: Boleto | H6: Rio Grande do Sul | I6: 92.8 | K6: SOMASE: Serve para somar valores com base na quantidade de incidências de outro critério estabelecido.
A7: 6 | B7: Teclado Wireless | C7: 202.47 | D7: Fernanda Neves | E7: Feminino | F7: 7 | G7: Boleto | H7: Rio de Janeiro | I7: 1417.29
A8: 7 | B8: Giz de cera Pequeno 12 Cores | C8: 13.25 | D8: André Lopes | E8: Masculino | F8: 5 | G8: Transferência Bancária | H8: Rio Grande do Sul | I8: 66.25 | N8: Incidência de Venda do Estado
A9: 8 | B9: Caneta 4 Cores P5 | C9: 18.96 | D9: Vitória Siqueira | E9: Feminino | F9: 8 | G9: Boleto | H9: Rio Grande do Sul | I9: 151.68
A10: 9 | B10: Fichário | C10: 17.98 | D10: Daniel Nascimento | E10: Masculino | F10: 14 | G10: Boleto | H10: Rio Grande do Sul | I10: 251.72 | N10: Incidências = | O10: =SUMIF(H:H,P10, I:I) -> 10720.53 | P10: Rio Grande do Sul
A11: 10 | B11: Pistola de cola quente | C11: 18.98 | D11: Maria Fernanda Carvalho | E11: Feminino | F11: 5 | G11: Transferência Bancária | H11: São Paulo | I11: 94.9
A12: 11 | B12: Esquadro Color | C12: 13.85 | D12: Pietro Nascimento | E12: Masculino | F12: 14 | G12: Boleto | H12: Rio de Janeiro | I12: 193.9
A13: 12 | B13: Estojo Modelo Pano | C13: 25.98 | D13: Ana Laura Noronha | E13: Feminino | F13: 11 | G13: Cartão de Crédito | H13: Santa Catarina | I13: 285.78 | K13: SOMASES: Serve para somar valores com base na quantidade de incidências de outros critérios estabelecido.
A14: 13 | B14: Short Preto G | C14: 18.98 | D14: Vitória Siqueira | E14: Feminino | F14: 9 | G14: Boleto | H14: Rio Grande do Sul | I14: 170.82
A15: 14 | B15: Camisa Branca M | C15: 18.56 | D15: Luna Nascimento Sampaio | E15: Feminino | F15: 15 | G15: Boleto | H15: Rio de Janeiro | I15: 278.4 | N15: Incidência de Venda por Sexo em Determinado Estado
A16: 15 | B16: Avental | C16: 13.36 | D16: Pedro Lucas Frota | E16: Masculino | F16: 5 | G16: Cartão de Crédito | H16: Santa Catarina | I16: 66.8
A17: 16 | B17: Giz de cera Grande 24 Cores | C17: 29.98 | D17: Pedro Lucas Frota | E17: Masculino | F17: 5 | G17: Cartão de Crédito | H17: Santa Catarina | I17: 149.9 | N17: Incidências = | O17: =SUMIFS(I:I,H:H,P17,G:G,P18) -> 1190.23 | P17: Santa Catarina
A18: 17 | B18: Teclado Wireless | C18: 202.47 | D18: Davi Uchoa | E18: Masculino | F18: 11 | G18: Boleto | H18: Rio de Janeiro | I18: 2227.17 | P18: Cartão de Crédito
A19: 18 | B19: Resma Papel A4 | C19: 35.62 | D19: Davi Miguel Neves | E19: Masculino | F19: 10 | G19: Transferência Bancária | H19: Rio Grande do Sul | I19: 356.2
A20: 19 | B20: Borracha Branca Protector P20 | C20: 33.99 | D20: Thomas Junqueira | E20: Masculino | F20: 9 | G20: Boleto | H20: Rio de Janeiro | I20: 305.91
A21: 20 | B21: Caneta Azul P10 | C21: 17.2 | D21: Maria Isis Trindade | E21: Masculino | F21: 15 | G21: Boleto | H21: Rio de Janeiro | I21: 258
A22: 21 | B22: Caderno Pautado 300 Fl | C22: 28.9 | D22: Yago Frota | E22: Masculino | F22: 14 | G22: Boleto | H22: Rio Grande do Sul | I22: 404.6
A23: 22 | B23: Lancheira Básica | C23: 43.36 | D23: Gael Xavier | E23: Masculino | F23: 8 | G23: Boleto | H23: Rio de Janeiro | I23: 346.88
A24: 23 | B24: Teclado Wireless | C24: 202.47 | D24: Carlos Eduardo | E24: Masculino | F24: 11 | G24: Transferência Bancária | H24: São Paulo | I24: 2227.17
A25: 24 | B25: Fichário | C25: 17.98 | D25: Arthur Henrique Pires | E25: Masculino | F25: 11 | G25: Cartão de Crédito | H25: Santa Catarina | I25: 197.78
A26: 25 | B26: Esquadro Transparente | C26: 13.65 | D26: Lorenzo Rangel | E26: Masculino | F26: 11 | G26: Boleto | H26: Rio de Janeiro | I26: 150.15
A27: 26 | B27: Projetor 720 | C27: 458.32 | D27: Guilherme Valença | E27: Masculino | F27: 13 | G27: Cartão de Crédito | H27: Rio Grande do Sul | I27: 5958.16
A28: 27 | B28: Teclado Wireless | C28: 202.47 | D28: Letícia Peçanha | E28: Feminino | F28: 11 | G28: Boleto | H28: Rio de Janeiro | I28: 2227.17
A29: 28 | B29: Cola Bastão | C29: 13.89 | D29: Pietro Lopes | E29: Masculino | F29: 5 | G29: Boleto | H29: Rio de Janeiro | I29: 69.45
A30: 29 | B30: Teclado Wireless | C30: 202.47 | D30: Lucas Barros | E30: Masculino | F30: 14 | G30: Transferência Bancária | H30: Rio Grande do Sul | I30: 2834.58
... A35: 34 | B35: PenDrive 128 Gb | C35: 65 | D35: Emilly Pimenta | E35: Feminino | F35: 15 | G35: Transferência Bancária | H35: São Paulo | I35: 975

Sheet PROCV
A1: Vendedor | B1: Sexo | C1: Produto | D1: Quantidade | E1: Forma de Pagamento | F1: Loja | G1: Gerente | I1: Vendedor | J1: Israel Becker | L1: *Para ver a tabela de gerentes é necessário reexibí-las.
A2: Ana Beatriz Trindade | B2: Feminino | C2: Lancheira Básica | D2: 7 | E2: Cartão de Crédito | F2: Santa Catarina | G2: =VLOOKUP(F2,'Base de Gerentes'!A:B,2,) -> Carmem Silva | I2: Gerente | J2: =VLOOKUP(J1,Tabela5[#All],7,) -> Julia Ramos
A3: Ana Laura Noronha | B3: Feminino | C3: Estojo Modelo Pano | D3: 11 | E3: Cartão de Crédito | F3: Santa Catarina | G3: =VLOOKUP(F3,'Base de Gerentes'!A:B,2,) -> Carmem Silva
A4: André Lopes | B4: Masculino | C4: Giz de cera Pequeno 12 Cores | D4: 5 | E4: Transferência Bancária | F4: Rio Grande do Sul | G4: =VLOOKUP(F4,'Base de Gerentes'!A:B,2,) -> Gabriel Gomes
A5: Arthur Henrique Pires | B5: Masculino | C5: Fichário | D5: 11 | E5: Cartão de Crédito | F5: Santa Catarina | G5: =VLOOKUP(F5,'Base de Gerentes'!A:B,2,) -> Carmem Silva | I5: PROCV: é usada para buscar um valor em uma coluna de uma tabela e retornar um valor correspondente de outra coluna na mesma linha.
A6: Arthur Miguel dos Santos | B6: Masculino | C6: Cola 500 ml | D6: 11 | E6: Cartão de Crédito | F6: Santa Catarina | G6: =VLOOKUP(F6,'Base de Gerentes'!A:B,2,) -> Carmem Silva
A7: Arthur Pereira | B7: Masculino | C7: Cola 500 ml | D7: 9 | E7: Boleto | F7: Rio de Janeiro | G7: =VLOOKUP(F7,'Base de Gerentes'!A:B,2,) -> Roberto Lopes | I7: Nesse caso, buscou-se os gerentes, na tabela oculta "Base de Gerentes", utilizando a coluna "Loja" como referência.
A8: Carlos Eduardo | B8: Masculino | C8: Teclado Wireless | D8: 11 | E8: Transferência Bancária | F8: São Paulo | G8: =VLOOKUP(F8,'Base de Gerentes'!A:B,2,) -> Julia Ramos
A9: Catarina Penteado | B9: Feminino | C9: Tinta Aquarela Azul | D9: 14 | E9: Boleto | F9: Rio Grande do Sul | G9: =VLOOKUP(F9,'Base de Gerentes'!A:B,2,) -> Gabriel Gomes | I9: Ao selecionar uma tabela para ser utilizada como base para a tabela a ser aplicada o PROCV, é necessário que
A10: Cecília Tavares | B10: Feminino | C10: Caderno Pautado 150 Fl Pq | D10: 5 | E10: Cartão de Crédito | F10: São Paulo | G10: =VLOOKUP(F10,'Base de Gerentes'!A:B,2,) -> Julia Ramos | J10: a primeira coluna dessa tabela seja igual ao valor_procurado na fórmula do PROCV.
A11: Daniel Nascimento | B11: Masculino | C11: Fichário | D11: 14 | E11: Boleto | F11: Rio Grande do Sul | G11: =VLOOKUP(F11,'Base de Gerentes'!A:B,2,) -> Gabriel Gomes
A12: Davi Miguel Neves | B12: Masculino | C12: Resma Papel A4 | D12: 10 | E12: Transferência Bancária | F12: Rio Grande do Sul | G12: =VLOOKUP(F12,'Base de Gerentes'!A:B,2,) -> Gabriel Gomes | I12: Além disso, o núm_índice_coluna da fórmula se trata da coluna (A, B, C...) contada em números (A = 1, B = 2...).
A13: Davi Uchoa | B13: Masculino | C13: Teclado Wireless | D13: 11 | E13: Boleto | F13: Rio de Janeiro | G13: =VLOOKUP(F13,'Base de Gerentes'!A:B,2,) -> Roberto Lopes
A14: Emilly Pimenta | B14: Feminino | C14: PenDrive 128 Gb | D14: 15 | E14: Transferência Bancária | F14: São Paulo | G14: =VLOOKUP(F14,'Base de Gerentes'!A:B,2,) -> Julia Ramos
A15: Erick Frota | B15: Masculino | C15: Tesoura Premium | D15: 13 | E15: Transferência Bancária | F15: São Paulo | G15: =VLOOKUP(F15,'Base de Gerentes'!A:B,2,) -> Julia Ramos
A16: Fernanda Neves | B16: Feminino | C16: Teclado Wireless | D16: 7 | E16: Boleto | F16: Rio de Janeiro | G16: =VLOOKUP(F16,'Base de Gerentes'!A:B,2,) -> Roberto Lopes
A17: Gael Xavier | B17: Masculino | C17: Lancheira Básica | D17: 8 | E17: Boleto | F17: Rio de Janeiro | G17: =VLOOKUP(F17,'Base de Gerentes'!A:B,2,) -> Roberto Lopes
A18: Guilherme Valença | B18: Masculino | C18: Projetor 720 | D18: 13 | E18: Cartão de Crédito | F18: Rio Grande do Sul | G18: =VLOOKUP(F18,'Base de Gerentes'!A:B,2,) -> Gabriel Gomes
A19: Israel Becker | B19: Masculino | C19: Lancheira Premium Completa | D19: 9 | E19: Transferência Bancária | F19: São Paulo | G19: =VLOOKUP(F19,'Base de Gerentes'!A:B,2,) -> Julia Ramos
A20: Letícia Peçanha | B20: Feminino | C20: Teclado Wireless | D20: 11 | E20: Boleto | F20: Rio de Janeiro | G20: =VLOOKUP(F20,'Base de Gerentes'!A:B,2,) -> Roberto Lopes
A21: Lorenzo Rangel | B21: Masculino | C21: Esquadro Transparente | D21: 11 | E21: Boleto | F21: Rio de Janeiro | G21: =VLOOKUP(F21,'Base de Gerentes'!A:B,2,) -> Roberto Lopes
A22: Lucas Barros | B22: Masculino | C22: Teclado Wireless | D22: 14 | E22: Transferência Bancária | F22: Rio Grande do Sul | G22: =VLOOKUP(F22,'Base de Gerentes'!A:B,2,) -> Gabriel Gomes
A23: Luna Nascimento Sampaio | B23: Feminino | C23: Camisa Branca M | D23: 15 | E23: Boleto | F23: Rio de Janeiro | G23: =VLOOKUP(F23,'Base de Gerentes'!A:B,2,) -> Roberto Lopes
A24: Maria Fernanda Carvalho | B24: Feminino | C24: Pistola de cola quente | D24: 5 | E24: Transferência Bancária | F24: São Paulo | G24: =VLOOKUP(F24,'Base de Gerentes'!A:B,2,) -> Julia Ramos
... A35: Yuri Xavier | B35: Masculino | C35: Mouse Básico | D35: 7 | E35: Boleto | F35: Rio de Janeiro | G35: =VLOOKUP(F35,'Base de Gerentes'!A:B,2,) -> Roberto Lopes

Sheet PROCH
A1: Gerente | B1: Carmem Silva | C1: Julia Ramos | D1: Gabriel Gomes | E1: Roberto Lopes
A2: Loja | B2: Santa Catarina | C2: São Paulo | D2: Rio Grande do Sul | E2: Rio de Janeiro
A3: Vendedores | B3: 5 vendedores | C3: 6 vendedores | D3: 8 vendedores | E3: 12 vendedores
A4: Quantidade de vendas | B4: 58 uni | C4: 45 uni | D4: 103 uni | E4: 130 uni
A5: Principal método de pagamento | B5: Cartão de Crédito | C5: Transferência Bancária | D5: Boleto | E5: Boleto
A6: Faturamento Total | B6: 819.91 | C6: 4116.96 | D6: 10635.65 | E6: 7959.64
B9: Gerente | C9: Roberto Lopes
B10: Quantidade de vendas | C10: 130 uni

Sheet Base de Gerentes
A1: Loja | B1: Gerente
A2: Santa Catarina | B2: Carmem Silva
A3: São Paulo | B3: Julia Ramos
A4: Rio de Janeiro | B4: Roberto Lopes
A5: Rio Grande do Sul | B5: Gabriel Gomes

Sheet PROCX
A1: ID | B1: Data da Venda | C1: Produto | D1: Preço | E1: Vendedor | F1: Sexo | G1: Quantidade | H1: Loja | I1: Gerente | J1: Forma de Pagamento | K1: Categoria de Pagamento | L1: Faturamento Total
A2: 1 | B2: 42980 | C2: Lancheira Básica | D2: 43.36 | E2: Ana Beatriz Trindade | F2: Feminino | G2: 7 | H2: Santa Catarina | I2: =VLOOKUP(H2,'Base de Gerentes'!A:B,2,) -> Carmem Silva | J2: Cartão de Crédito | K2: Pagamento Digital | L2: 303.52
A3: 2 | B3: 42535 | C3: Lancheira Premium Completa | D3: 45.36 | E3: Israel Becker | F3: Masculino | G3: 9 | H3: São Paulo | I3: =VLOOKUP(H3,'Base de Gerentes'!A:B,2,) -> Julia Ramos | J3: Transferência Bancária | K3: Pagamento Tradicional | L3: 408.24
A4: 3 | B4: 43946 | C4: Caderno Pautado 150 Fl Pq | D4: 12.52 | E4: Cecília Tavares | F4: Feminino | G4: 5 | H4: São Paulo | I4: =VLOOKUP(H4,'Base de Gerentes'!A:B,2,) -> Julia Ramos | J4: Cartão de Crédito | K4: Pagamento Digital | L4: 62.6
A5: 4 | B5: 42200 | C5: Mouse Básico | D5: 25.87 | E5: Yuri Xavier | F5: Masculino | G5: 7 | H5: Rio de Janeiro | I5: =VLOOKUP(H5,'Base de Gerentes'!A:B,2,) -> Roberto Lopes | J5: Boleto | K5: Pagamento Tradicional | L5: 181.09
A6: 5 | B6: 43836 | C6: Camisa Branca P | D6: 18.56 | E6: Pietra Lopes | F6: Feminino | G6: 5 | H6: Rio Grande do Sul | I6: =VLOOKUP(H6,'Base de Gerentes'!A:B,2,) -> Gabriel Gomes | J6: Boleto | K6: Pagamento Tradicional | L6: 92.8
A7: 6 | B7: 42081 | C7: Teclado Wireless | D7: 202.47 | E7: Fernanda Neves | F7: Feminino | G7: 7 | H7: Rio de Janeiro | I7: =VLOOKUP(H7,'Base de Gerentes'!A:B,2,) -> Roberto Lopes | J7: Boleto | K7: Pagamento Tradicional | L7: 1417.29
A8: 7 | B8: 43896 | C8: Giz de cera Pequeno 12 Cores | D8: 13.25 | E8: André Lopes | F8: Masculino | G8: 5 | H8: Rio Grande do Sul | I8: =VLOOKUP(H8,'Base de Gerentes'!A:B,2,) -> Gabriel Gomes | J8: Transferência Bancária | K8: Pagamento Tradicional | L8: 66.25
A9: 8 | B9: 43141 | C9: Caneta 4 Cores P5 | D9: 18.96 | E9: Vitória Siqueira | F9: Feminino | G9: 8 | H9: Rio Grande do Sul | I9: =VLOOKUP(H9,'Base de Gerentes'!A:B,2,) -> Gabriel Gomes | J9: Boleto | K9: Pagamento Tradicional | L9: 151.68
A10: 9 | B10: 43441 | C10: Fichário | D10: 17.98 | E10: Daniel Nascimento | F10: Masculino | G10: 14 | H10: Rio Grande do Sul | I10: =VLOOKUP(H10,'Base de Gerentes'!A:B,2,) -> Gabriel Gomes | J10: Boleto | K10: Pagamento Tradicional | L10: 251.72
A11: 10 | B11: 43901 | C11: Pistola de cola quente | D11: 18.98 | E11: Maria Fernanda Carvalho | F11: Feminino | G11: 5 | H11: São Paulo | I11: =VLOOKUP(H11,'Base de Gerentes'!A:B,2,) -> Julia Ramos | J11: Transferência Bancária | K11: Pagamento Tradicional | L11: 94.9
A12: 11 | B12: 43307 | C12: Esquadro Color | D12: 13.85 | E12: Pietro Nascimento | F12: Masculino | G12: 14 | H12: Rio de Janeiro | I12: =VLOOKUP(H12,'Base de Gerentes'!A:B,2,) -> Roberto Lopes | J12: Boleto | K12: Pagamento Tradicional | L12: 193.9
A13: 12 | B13: 43392 | C13: Estojo Modelo Pano | D13: 25.98 | E13: Ana Laura Noronha | F13: Feminino | G13: 11 | H13: Santa Catarina | I13: =VLOOKUP(H13,'Base de Gerentes'!A:B,2,) -> Carmem Silva | J13: Cartão de Crédito | K13: Pagamento Digital | L13: 285.78
... A35: 34 | B35: 43273 | C35: PenDrive 128 Gb | D35: 65 | E35: Emilly Pimenta | F35: Feminino | G35: 15 | H35: São Paulo | I35: =VLOOKUP(H35,'Base de Gerentes'!A:B,2,) -> Julia Ramos | J35: Transferência Bancária | K35: Pagamento Tradicional | L35: 975

Sheet Base de Vendedores
A1: e | B1: Vendedor | C1: Sexo | E1: Nome | F1: Sobrenome | G1: Sexo | H1: Número | J1: Código
A2: 1 | B2: Ana Beatriz Trindade | C2: Feminino | E2: =UPPER(LEFT(B2,2)) -> AN | F2: =UPPER(RIGHT(B2,2)) -> DE | G2: =UPPER(LEFT(C2,2)) -> FE | H2: =_xlfn.CONCAT("00",A2) -> 001 | J2: =_xlfn.CONCAT(E2:H2) -> ANDEFE001
A3: 2 | B3: Ana Laura Noronha | C3: Feminino | E3: =UPPER(LEFT(B3,2)) -> AN | F3: =UPPER(RIGHT(B3,2)) -> HA | G3: =UPPER(LEFT(C3,2)) -> FE | H3: =_xlfn.CONCAT("00",A3) -> 002 | J3: =_xlfn.CONCAT(E3:H3) -> ANHAFE002
A4: 3 | B4: André Lopes | C4: Masculino | E4: =UPPER(LEFT(B4,2)) -> AN | F4: =UPPER(RIGHT(B4,2)) -> ES | G4: =UPPER(LEFT(C4,2)) -> MA | H4: =_xlfn.CONCAT("00",A4) -> 003 | J4: =_xlfn.CONCAT(E4:H4) -> ANESMA003
A5: 4 | B5: Arthur Henrique Pires | C5: Masculino | E5: =UPPER(LEFT(B5,2)) -> AR | F5: =UPPER(RIGHT(B5,2)) -> ES | G5: =UPPER(LEFT(C5,2)) -> MA | H5: =_xlfn.CONCAT("00",A5) -> 004 | J5: =_xlfn.CONCAT(E5:H5) -> ARESMA004
A6: 5 | B6: Arthur Miguel dos Santos | C6: Masculino | E6: =UPPER(LEFT(B6,2)) -> AR | F6: =UPPER(RIGHT(B6,2)) -> OS | G6: =UPPER(LEFT(C6,2)) -> MA | H6: =_xlfn.CONCAT("00",A6) -> 005 | J6: =_xlfn.CONCAT(E6:H6) -> AROSMA005
A7: 6 | B7: Arthur Pereira | C7: Masculino | E7: =UPPER(LEFT(B7,2)) -> AR | F7: =UPPER(RIGHT(B7,2)) -> RA | G7: =UPPER(LEFT(C7,2)) -> MA | H7: =_xlfn.CONCAT("00",A7) -> 006 | J7: =_xlfn.CONCAT(E7:H7) -> ARRAMA006
A8: 7 | B8: Carlos Eduardo | C8: Masculino | E8: =UPPER(LEFT(B8,2)) -> CA | F8: =UPPER(RIGHT(B8,2)) -> DO | G8: =UPPER(LEFT(C8,2)) -> MA | H8: =_xlfn.CONCAT("00",A8) -> 007 | J8: =_xlfn.CONCAT(E8:H8) -> CADOMA007
A9: 8 | B9: Catarina Penteado | C9: Feminino | E9: =UPPER(LEFT(B9,2)) -> CA | F9: =UPPER(RIGHT(B9,2)) -> DO | G9: =UPPER(LEFT(C9,2)) -> FE | H9: =_xlfn.CONCAT("00",A9) -> 008 | J9: =_xlfn.CONCAT(E9:H9) -> CADOFE008
A10: 9 | B10: Cecília Tavares | C10: Feminino | E10: =UPPER(LEFT(B10,2)) -> CE | F10: =UPPER(RIGHT(B10,2)) -> ES | G10: =UPPER(LEFT(C10,2)) -> FE | H10: =_xlfn.CONCAT("00",A10) -> 009 | J10: =_xlfn.CONCAT(E10:H10) -> CEESFE009
A11: 10 | B11: Daniel Nascimento | C11: Masculino | E11: =UPPER(LEFT(B11,2)) -> DA | F11: =UPPER(RIGHT(B11,2)) -> TO | G11: =UPPER(LEFT(C11,2)) -> MA | H11: =_xlfn.CONCAT("00",A11) -> 0010 | J11: =_xlfn.CONCAT(E11:H11) -> DATOMA0010
A12: 11 | B12: Davi Miguel Neves | C12: Masculino | E12: =UPPER(LEFT(B12,2)) -> DA | F12: =UPPER(RIGHT(B12,2)) -> ES | G12: =UPPER(LEFT(C12,2)) -> MA | H12: =_xlfn.CONCAT("00",A12) -> 0011 | J12: =_xlfn.CONCAT(E12:H12) -> DAESMA0011
A13: 12 | B13: Davi Uchoa | C13: Masculino | E13: =UPPER(LEFT(B13,2)) -> DA | F13: =UPPER(RIGHT(B13,2)) -> OA | G13: =UPPER(LEFT(C13,2)) -> MA | H13: =_xlfn.CONCAT("00",A13) -> 0012 | J13: =_xlfn.CONCAT(E13:H13) -> DAOAMA0012
... A33: 32 | B33: Yuri Xavier | C33: Masculino | E33: =UPPER(LEFT(B33,2)) -> YU | F33: =UPPER(RIGHT(B33,2)) -> ER | G33: =UPPER(LEFT(C33,2)) -> MA | H33: =_xlfn.CONCAT("00",A33) -> 0032 | J33: =_xlfn.CONCAT(E33:H33) -> YUERMA0032
